<?xml version="1.0" encoding="UTF-8"?>
<project-private xmlns="http://www.netbeans.org/ns/project-private/1">
    <editor-bookmarks xmlns="http://www.netbeans.org/ns/editor-bookmarks/2" lastBookmarkId="0"/>
    <open-files xmlns="http://www.netbeans.org/ns/projectui-open-files/2">
        <group name="Hello World Projects">
            <file>file:/Users/dalemusser/NetBeansProjects/NYTimesViewer/src/nytimesviewer/NewsViewerController.java</file>
            <file>file:/Users/dalemusser/NetBeansProjects/NYTimesViewer/src/nytimesviewer/NYTimesViewer.java</file>
        </group>
        <group>
            <file>file:/Users/joe/Dropbox/School/College/Senior_Year/Spring_Courses/Object_Oriented_Design/OOD/NYTimesViewerRefactored/NYTimesViewer/src/nytimesviewer/NewsViewerController.java</file>
            <file>file:/Users/joe/Dropbox/School/College/Senior_Year/Spring_Courses/Object_Oriented_Design/OOD/NYTimesViewerRefactored/NYTimesViewer/src/nytimesviewer/NYTNewsStory.java</file>
        </group>
    </open-files>
</project-private>
